id,title
[0],How is the word fun opposite to the word work?
[1],Data Structures for Statistics Dashboard Web App
[2],What is the fastest way of exporting hundreds of thousands of rows on postgresql and nodejs?
[3],"Python Pandas , fill the gapes with date in interval of weeks for one year"
[4],opposite for .closest() or synonym for it in javascript
[5],create a list with list comprehension with all students and its sorted by the surname
[6],Tkinter not working the first time it runs with withdraw()
[7],"How can i sort elasticsearch ""watcher"" by field?"
[8],How to compare 2 numbers in Assembly?
[9],Timer slows down when performing other tasks in React
[10],Can I configure VSCode Typescript build task to copy (and update if needed) all non-typescript files from source to dist folder when I build it?
[11],MongoDB do not return document if condition in lookup fails
[12],Locomotive scroll: Cannot read properties of undefined (reading 'inView')
[13],How to create a loop code from big dataframe in R?
[14],Can we send push notification using firebase cloud notification to 50k users
